latitude,longitude,yield
-20.501254598811528,-49.49980918214864,100.59632488066131
-20.4954928569359,-49.500208181223705,98.77330279828476
-20.497680060581885,-49.50474357934194,99.36516424575996
-20.49901341515803,-49.50158752172374,93.19261857188533
-20.503439813595573,-49.501198043812145,101.12110680183059
-20.503440054796638,-49.501011772191035,96.36579689970166
-20.504419163878318,-49.49919827630772,93.16723860600605
-20.49633823854225,-49.49966397453273,96.57016346950957
-20.49898884988257,-49.498920949072065,86.70985208328997
-20.49791927422204,-49.49735116738458,97.18675501591741
-20.50479415505704,-49.496870142612835,89.85615421398781
-20.49530090147838,-49.49781876923773,88.3400974206224
-20.496675573591997,-49.495444763040446,87.4068963850281
-20.502876608893217,-49.50481767417324,100.61715733711934
-20.50318175032793,-49.503042220143165,91.9296487314547
-20.503165954901466,-49.50492437125022,102.70826741344612
-20.501957577570405,-49.49852525285846,92.39841540315997
-20.49975243568368,-49.4960196945105,86.49269944672854
-20.50068054981358,-49.502565177034235,90.38643294303428
-20.50208770859802,-49.495729654552036,101.18747897768242
-20.498881471052776,-49.504397326097106,95.38677367555256
-20.50360506139348,-49.49565563973194,92.26172212867822
-20.502078553514647,-49.5014837731276,96.0459387899523
-20.501336381567064,-49.50398579171551,97.81786265353502
-20.50043930015783,-49.50014128240814,101.28557119207198
-20.49714824038607,-49.5024322343228,108.01378407438924
-20.503003262178417,-49.502151270980384,93.30166675095613
-20.499857655615862,-49.50192710035074,90.70698753562621
-20.49907585431138,-49.49696974102167,93.02018680816182
-20.504535495872798,-49.499608387233245,96.31564827353573
-20.498924551480986,-49.50188692300844,96.09099044053264
-20.503294758763126,-49.49889666216689,90.24666003958166
-20.504349484070147,-49.49783849325777,96.72650865628768
-20.495511144627468,-49.50227375999267,95.9832621419402
-20.495343679669254,-49.50086450898475,95.99859849810831
-20.496916026518836,-49.50378113906663,93.07202734167838
-20.501953862308266,-49.50318850650466,94.08957065730024
-20.504023278859936,-49.498188821460346,90.39087199749123
-20.49815766973488,-49.50318561652305,103.98676602755526
-20.500598475062603,-49.49974836616333,100.65803384844907
-20.503779617651553,-49.497909537382775,85.78167884956693
-20.500048230898887,-49.503931230769055,91.25090842128756
-20.504656114788848,-49.49932687780371,87.52886098910936
-20.495906795979213,-49.50243437216299,93.51859258380965
-20.502412200184,-49.49537073124762,94.58803000713174
-20.49837477715646,-49.500164543532804,90.05594741681547
-20.501882889239106,-49.49694007450225,90.41617710370738
-20.49979931978822,-49.49949773457844,90.6682067376362
-20.499532897206567,-49.50456587467146,96.79148301229556
-20.503151455444744,-49.49866848624406,95.37921219153435
-20.495304153722355,-49.49548596657793,91.40432547310944
-20.49724867176639,-49.49898388179854,96.55426407254295
-20.49560501058436,-49.49680811140573,92.31591029660706
-20.496051726495725,-49.49615793536651,93.67346001718953
-20.49902100021189,-49.50271920228051,107.66966199167743
-20.49578125764977,-49.50287955160092,103.08126717458077
-20.50411507497948,-49.49889019011149,88.51782126492354
-20.503040171375808,-49.50088971530193,99.23470034686864
-20.504547727110893,-49.49660138697133,99.0600768136562
-20.50174669669237,-49.49599976876602,89.2713870072561
-20.501113227103104,-49.50146578620697,99.73108384961758
-20.50228650968226,-49.50263129441026,102.8866309500945
-20.496712624908483,-49.49719474484756,89.49093305788442
-20.501432466733064,-49.50225193964452,90.89263904084311
-20.502190654903124,-49.49677385681486,100.10679285178249
-20.499573039168418,-49.500762617463515,98.38468306715092
-20.503590757750253,-49.49832450100708,97.77601701280201
-20.49697803019246,-49.50404464686166,98.22829569474017
-20.504254493563202,-49.49876140675323,96.9665790422097
-20.495131130633997,-49.50048232321263,88.95183206948765
-20.497277552307033,-49.49913391536825,101.01719416917975
-20.503012843184656,-49.503319857922556,100.93205928681112
-20.50494477882876,-49.497631262550556,93.85714708598502
-20.496845385715453,-49.49637202922457,94.83058723275532
-20.497931426561525,-49.502832601999096,93.84983975241198
-20.49770992831959,-49.5040428544448,99.47669749787923
-20.49728729653314,-49.50476361413954,98.7244590225764
-20.504259553482658,-49.49858028499557,94.70102243776356
-20.50141534271456,-49.49892905963911,100.77361023233658
-20.50384130940475,-49.49953302587286,93.35605489633954
-20.496368965741244,-49.50268052903884,100.38490093182858
-20.498767018731726,-49.501090940040946,94.46766816259037
-20.501691019751473,-49.49905523664814,95.01572837041583
-20.50436441649714,-49.50003233141141,94.14741431554044
-20.501890176782844,-49.49512214479785,96.13209078881471
-20.50174816677973,-49.50363560247443,93.40358129576339
-20.49770393821662,-49.49804855445952,94.62786370877461
-20.498624425286447,-49.50095681231896,103.57736751036406
-20.496127872574238,-49.50071800385074,94.3674071103051
-20.50027785074838,-49.497824022343416,87.09600709616855
-20.503804057540616,-49.49807563848675,103.76151237475023
-20.497867552127772,-49.495087440062974,101.92217956819509
-20.497392149513832,-49.503716057105464,90.9677818749191
-20.499387228024304,-49.50395890350616,99.80882522151138
-20.497290328200457,-49.49775661182871,92.68818242538637
-20.500062044036355,-49.499216130829936,96.78682043560335
-20.49977267170618,-49.5022583933344,98.97200682226615
-20.500724589816414,-49.50420580631011,94.2784089764937
-20.504745808732558,-49.50414341750404,91.0938216799381
-20.503921085730067,-49.49605809125336,91.5507070458137
-20.504685708143132,-49.50308132675281,90.43621133034927
-20.49863589588736,-49.501766284378846,98.45927639237354
-20.501856440189236,-49.50273343597773,94.96007338457922
-20.499914293088352,-49.501450036941684,93.46809290838988
-20.49592433526074,-49.50430576157254,99.08437475919024
-20.50250707770851,-49.49980940209092,102.53617089940738
-20.500896170769643,-49.50432387436408,92.46570669827055
-20.49744448861457,-49.496996434921776,96.29468303841738
-20.502712018345083,-49.502662879180896,97.62711333390398
-20.504230200901713,-49.49959988085396,97.3789136108839
-20.50210248547086,-49.496199209124384,95.3920924531223
-20.50338778712746,-49.498491226309525,98.73760855582813
-20.495703023476576,-49.499670422134486,97.98045865884637
-20.496918796204355,-49.50175666246885,93.76373808619871
-20.498665962434895,-49.501669980869416,106.47927696661031
-20.496285394098123,-49.49830513044802,99.69176601461325
-20.49696327923101,-49.495058606387786,91.19699852500497
-20.50313429941114,-49.498381608101504,95.21775577707098
-20.4960744100151,-49.4994221658263,99.01739451177667
-20.499606577580842,-49.497693494897604,94.10474917434112
-20.49692559844836,-49.500347943877166,102.45529540099157
-20.496039087000767,-49.504398576574,107.49637189065479
-20.50181996525028,-49.49937703184122,91.21583635101089
-20.503899480754722,-49.495423747154945,88.09696098675478
-20.50272064837458,-49.50324697057643,96.63275608494588
-20.500728922113737,-49.498099951091795,98.73629940111044
-20.496819852340774,-49.50299066311341,97.05871169667745
-20.496392694167437,-49.49964172315527,103.13056712896854
-20.504930478694686,-49.504033235503535,88.31791981428417
-20.499892526974225,-49.50049629063742,99.80217271416105
-20.50082588996851,-49.497438366711044,92.04078639043512
-20.502778921895292,-49.50152428475761,103.72002246563285
-20.50380134632666,-49.498350882755126,104.97841167495743
-20.501623848285963,-49.497045500392105,91.19909428835744
-20.495570902960875,-49.4957282218052,92.27020862690155
-20.501767970679794,-49.50265357918145,99.62546662483187
-20.499812093782566,-49.50100684084191,94.9639413893962
-20.49796981041105,-49.503475839866695,98.20068541052646
-20.501363703976207,-49.49507516497842,95.13374429042084
-20.49528217917279,-49.495729990320754,85.41778707720636
-20.49537552705058,-49.49960042869719,95.35906336043124
-20.502482177041745,-49.49657966705623,91.56458891862124
-20.500027514941078,-49.49979042022728,93.28205643452164
-20.501991216901832,-49.49876414311997,102.30618809279974
-20.502151595056226,-49.50410875567884,88.85996644852464
-20.504631130526455,-49.497447295795034,99.07084334232583
-20.4989043566602,-49.50372286516365,95.74828531094681
-20.49997320976771,-49.496739323697476,93.6556468540109
-20.5044852124875,-49.497179719123295,98.95650262361141
-20.502213535357633,-49.497912553022566,96.74258441689948
-20.495917341140334,-49.50463839619476,98.37339648338842
-20.50260438109333,-49.50196871644055,99.99102576047488
-20.503551051279086,-49.50236887430089,93.40099988302728
-20.500105472397223,-49.501398635925284,93.61812238113795
-20.495143495458894,-49.504123572532365,90.0010947501567
-20.502579447284884,-49.49563042176969,90.87882336891595
-20.498278644525943,-49.49946197759287,110.91287053560666
-20.497383803846713,-49.50194475689342,109.3033236382514
-20.502623624560076,-49.501030184829254,88.37779001455701
-20.497717836513882,-49.50052797459495,91.7385991131679
-20.501322168672807,-49.49899405666639,97.57929166729937
-20.498676941694065,-49.49984320572303,99.30074644879711
-20.49866470289239,-49.495806080267855,97.77397620092108
-20.49964225315925,-49.50003036517094,94.87963158320171
-20.504097102299454,-49.495078419851765,94.37420828951768
-20.496646975044108,-49.49648575042255,96.69071281043496
-20.501792199350284,-49.50291489485643,95.73278993424958
-20.503134814896,-49.49569404785356,83.90790730713432
-20.50459224858445,-49.503836336021145,93.86700154810191
-20.499091070568117,-49.49682550291509,90.81872478216606
-20.498224356381577,-49.50119376706523,102.37203128883732
-20.504834121710722,-49.496220256795546,109.928240184472
-20.499879069417005,-49.496319433098925,96.87521618305807
-20.50273504224802,-49.49694074599882,93.44703028960375
-20.498548272095906,-49.497099695636926,99.71730962811594
-20.50325633570995,-49.501953208609024,97.49163879953956
-20.498090622618975,-49.504190807169486,98.77472953274604
-20.501132646536995,-49.50097019821235,98.58884665949178
-20.495632700112633,-49.503264754850136,106.30708673997806
-20.50362479055854,-49.49805048911097,89.36108970076644
-20.5015893364895,-49.501539002734624,97.77037504683803
-20.503865264787592,-49.4952438979914,90.37004653409709
-20.495753063817215,-49.49859027922655,98.03029080604047
-20.49622660646619,-49.49677519436366,90.46680168068424
-20.50242058372285,-49.503674753272584,93.04593508357075
-20.49840015953966,-49.496379855177274,93.57814419726309
-20.49682777799799,-49.49577242809487,99.90562934533698
-20.499447991884004,-49.50012938081181,101.00071606497536
-20.49970349421644,-49.49893747062249,89.22237496549717
-20.502581477090995,-49.49735190199097,95.2966331399994
-20.50406897232194,-49.5032516137274,91.4826431262687
-20.496027842420467,-49.499974339235365,89.5952056506692
-20.495995819428366,-49.50101336972228,95.52160983774552
-20.49866898542727,-49.50353626007838,96.26552250137969
-20.501609702089514,-49.50132465577708,107.51483848665055
-20.501507904253874,-49.50431827690615,97.38867013871749
-20.4977404432113,-49.50474188093051,89.06686980593864
-20.496028897400475,-49.50364833710845,93.32475287000455
-20.49612913575735,-49.495368848884105,100.12218496522199
-20.497201244541426,-49.49950470464105,106.5342340469497
-20.49857968353846,-49.495341778388465,87.08885601451486
-20.50415860035005,-49.5006750212167,85.62793592561002
-20.503383712859055,-49.50188183866915,104.42359783516436
-20.49601445811473,-49.499938581371595,97.80526922965967
-20.498935709403405,-49.500604883113674,93.45455936905158
-20.504908029483833,-49.50394335315738,97.68461422845535
-20.50398528457134,-49.4985917368531,81.83656575114155
-20.49836498230892,-49.5028396181749,101.0215237271332
-20.504949384161538,-49.49880412045102,96.64625349035241
-20.503391919485825,-49.498497989076014,99.6455525565076
-20.499512662106333,-49.50347975146872,91.7380593343443
-20.498081048023074,-49.504386503728895,96.80579857533297
-20.498480387404975,-49.49719238413931,90.49248831755158
-20.502757306905394,-49.50040199576231,96.37613297761851
-20.497878207786524,-49.504418362044945,91.85519074825034
-20.50262750912503,-49.4950513368283,92.96304700931125
-20.501746003018408,-49.50442219439004,90.19420370704331
-20.49753508594882,-49.49804964771141,98.5366348217724
-20.498503671009527,-49.495163210747364,99.30806314533338
-20.49650776589506,-49.502608198957844,96.82096218361555
-20.498423871076998,-49.50357750631313,98.11998126032667
-20.499316913966645,-49.50378615060578,89.3875760604255
-20.504063252321718,-49.50196724852432,93.53651598777884
-20.501322841969404,-49.503989541889894,95.06093832504884
-20.502347976323183,-49.49807838658306,108.14693775452545
-20.502560103566207,-49.5043770820187,89.52781289685052
-20.495269894452477,-49.4999057787185,102.80146246289127
-20.50106902275333,-49.49503303146147,99.99170378834025
-20.49607953444823,-49.49686029730494,96.4652995116935
-20.49868861374003,-49.498847805617686,104.38852537412451
-20.497051886964584,-49.50193746379213,102.66063806325714
-20.499973629068947,-49.49876104163708,97.28374974336049
-20.499230961153735,-49.49972958536088,95.8680060142857
-20.500074823061812,-49.5007391661611,102.44120178206006
-20.503047570122018,-49.5036928962326,100.55545214555775
-20.497775478847384,-49.49613395784759,91.91394238165068
-20.50219227637559,-49.50050215351179,88.57862352531549
-20.504756840335684,-49.50305377488179,94.00117216489443
-20.49854527704093,-49.50132240649123,97.28566992291515
-20.50322889320593,-49.50085870247471,94.75345722121459
-20.495595414156472,-49.49672462104433,101.23271511801859
-20.495460714229974,-49.497663856194386,92.81207052120817
-20.495851356097795,-49.497306951063585,94.87187702579024
-20.501298412997446,-49.504889687355714,95.47702297243463
-20.50484543383471,-49.5008384600182,99.25663089170565
-20.495716814374124,-49.50018655848365,84.57801695275565
-20.500718158516825,-49.50480807723177,92.267660868291
-20.495333451809564,-49.50240186791255,97.0678734186086
-20.495363800229107,-49.497397101768776,101.07494304704792
-20.496469905445327,-49.503628902942715,94.14562496146179
-20.502055511079305,-49.49964689868548,85.75521089538283
-20.50114902271398,-49.50284798127983,98.67369342894915
-20.496488633284834,-49.504878792253564,92.40398103378065
-20.50183077994844,-49.50258798542401,89.36278193398985
-20.503305072533138,-49.4952412624509,91.88105651772163
-20.499431987375416,-49.496984628881165,94.15882479485283
-20.495638452258394,-49.49540423355679,91.98987598799643
-20.49803970203325,-49.50012145956074,86.26340309607974
-20.499299388299107,-49.50390263801323,100.98320188078604
-20.504028235062293,-49.49952040511026,101.39651823749637
-20.49884992773301,-49.5004562266544,100.83241846987713
-20.49509946149896,-49.4965564291726,89.34299951525861
-20.503599159847635,-49.50401917419216,94.03154741263249
-20.499816703476363,-49.500117588629784,96.06372358088254
-20.496226269280722,-49.50349951335306,99.46418784061218
-20.49759231382246,-49.5017532407311,107.65554772844133
-20.498029842590046,-49.49762642922612,91.51820395121294
-20.49797515916013,-49.50023981870631,97.9897307125711
-20.501405088487804,-49.501241117148545,97.744542885252
-20.502064081557354,-49.5010552372143,102.5103284306596
-20.496906388445215,-49.50040553231594,100.69220977263201
-20.496898866053208,-49.497149834561625,99.04905740519143
-20.4963292768142,-49.49607915311059,95.45106976485273
-20.495867594474436,-49.495446653134955,102.06754073341999
-20.49988657601139,-49.49713096613745,97.12978220124421
-20.499984837053127,-49.501845931042524,92.74333632860858
-20.49701704821033,-49.498118652939134,102.29052072821435
-20.498500360692223,-49.50062396875945,101.95852998568557
-20.497980331227424,-49.50245329377954,102.3136857495558
-20.49704207330564,-49.49659128420574,92.66427420066371
-20.496099946581825,-49.50461573651038,97.07446356672318
-20.501620048431484,-49.495982380078644,97.32929693575282
-20.5012441704736,-49.50038522535375,96.38666601027387
-20.50406018060159,-49.49862798523192,96.57113805860845
-20.49921719859004,-49.49840646077794,103.83733848702475
-20.50464057726203,-49.49604882259293,100.35972700948828
-20.500344019818677,-49.49863330317833,96.20119060548728
-20.499573553652926,-49.498860664152396,100.1542790790896
-20.502134587478718,-49.50433347959439,89.96746452765281
-20.49909166739431,-49.499815919780545,98.29481522355266
-20.504694997500607,-49.50349830999183,104.06225591482556
-20.504626518112506,-49.497625662312785,93.9151129565788
-20.496773994393404,-49.49987778079187,92.05507148145352
-20.501398093585887,-49.49819772220791,91.83105737143569
-20.50372939487348,-49.504583270993976,89.57980005111452
-20.499777567399452,-49.50415207983954,91.99633846595934
-20.497300064469016,-49.49783676611937,93.36757314472771
-20.502841789725032,-49.50427915664002,88.04328752256784
-20.49877109524181,-49.50428743272235,96.42007069898312
-20.504146525350063,-49.50487891524765,99.52830541808706
-20.504483182788313,-49.495434986017,90.46269483345077
-20.49968645368432,-49.49762491640541,102.73437599810995
-20.4995936487839,-49.50146748591498,100.34883165110736
-20.49862570098502,-49.50203464418713,108.16851260357483
-20.497739086662772,-49.50150296770254,100.26738075043275
-20.495241479205376,-49.497253464688185,99.33454980712047
-20.499836996516986,-49.4983862938893,89.80067063613319
-20.501770435270586,-49.50314804432133,99.74256908393698
-20.497048138052314,-49.503258906646664,98.95422097578107
-20.502291677487378,-49.504016043502865,97.89712407316408
-20.500610285792945,-49.498396972802986,89.29734535488411
-20.504215436186577,-49.49735627337778,90.53105661158375
-20.504746492565843,-49.50234953571675,98.00360723321965
-20.49537351585322,-49.50479055038969,90.58319563758482
-20.49664019879488,-49.50417828332524,98.46650780381468
-20.498040257939063,-49.495321399651544,88.18317173192325
-20.50091047055586,-49.502045552225226,100.05733151399446
-20.50326705679929,-49.497307768521615,88.85034261297307
-20.50343562957329,-49.498753364311455,97.78819261671681
-20.502497571018353,-49.50118060360347,98.28327518040545
-20.49950773335294,-49.502943127378046,94.04973335914646
-20.497854040773,-49.50378613581841,100.4093075587281
-20.498398026232824,-49.49884987031961,96.92901262481617
-20.50220066103054,-49.49725366219362,92.33230189341528
-20.49545134719337,-49.49856095746459,90.1647635789718
-20.49762103083304,-49.49969697866751,86.6404913515591
-20.499456459474885,-49.504580487765686,97.52309811177216
-20.498882792537657,-49.495315112224056,87.19367402500421
-20.500803999375723,-49.49701285808345,95.52584964235095
-20.50252269010499,-49.50207177963299,93.8455627210082
-20.501440273213486,-49.49520029670641,98.40306860426473
-20.497421538895356,-49.498981184103634,94.18349169495049
-20.504856065113703,-49.499175773417925,93.36179356146772
-20.50383927359493,-49.4975192682057,98.668893598646
-20.50453997357978,-49.4968823021191,96.67900174925616
-20.50459271197681,-49.49843521392668,96.58911956928206
-20.496445394159892,-49.50371904253634,98.82378084685563
-20.4979634214062,-49.50161732494006,97.5348277558445
-20.500258261709128,-49.49571916359674,98.80288438000092
-20.50402165839349,-49.502753843881564,98.09705800758455
-20.50008384124883,-49.501278329761625,91.56990083898829
-20.500265282292194,-49.50067923117056,94.86924044525131
-20.503267981300898,-49.50060595010306,94.86795248044136
-20.50066148350762,-49.49887060417505,94.57409694807582
-20.501014952656025,-49.49556924162255,96.68164629779322
-20.498841499019477,-49.50259307288167,107.51465350873359
-20.498649063491325,-49.503784986236994,102.653863738598
-20.504546959902278,-49.5030252951014,88.45877079421179
-20.501253873853734,-49.49613075099791,98.12861401300944
-20.498741400842857,-49.498541891873444,102.08130873135282
-20.4999686374142,-49.50214093210761,99.0182208757193
-20.49643510158812,-49.496840530610314,100.52322434817496
-20.49841306368381,-49.49638630003636,105.115241377307
-20.503370655729185,-49.496534856613096,100.12560068885408
-20.504294312525996,-49.4958107346636,96.24874256693563
-20.498575807217936,-49.50247758979827,107.32445216643782
-20.504734886894582,-49.497449580712534,95.72886636194234
-20.499142244187265,-49.50039460502726,97.21077630733402
-20.49559769758575,-49.4965800144711,93.28286527953536
-20.49924525822124,-49.49771509322838,102.99012371808284
-20.501118300737936,-49.497235525535004,90.95833764137808
-20.498567117815576,-49.49843838162319,103.06904435299217
-20.500417471095083,-49.5032257123053,98.49692407456978
-20.49954383210684,-49.49954973081103,88.83206524933392
-20.495585351912236,-49.495153302604756,96.84879294704255
-20.50113897362199,-49.49562611933503,84.51218362008566
-20.49538809436176,-49.50456826264203,98.51234764395676
-20.49594649358044,-49.50335185184271,100.70956109561227
-20.503042088652105,-49.50368271226546,92.11194504105451
-20.504306386991246,-49.49774020090015,95.62516845569272
-20.503992219986223,-49.496822146701426,104.77624148600054
-20.504817781743483,-49.502864886336894,92.48680596133534
-20.50405557039244,-49.49994147307048,89.73048795808762
-20.498169932265835,-49.496592969719885,102.4754117450062
-20.504288113515397,-49.49767198455233,104.82019457272567
-20.50181024369706,-49.49957762794508,95.18262119481243
-20.496551246890306,-49.49909652309541,100.64193023050193
-20.50476728064264,-49.499916394530835,101.71999628218659
-20.496855315174113,-49.502024515486816,96.06118908354823
-20.502181452252266,-49.49934978007141,92.67966071104459
-20.503818351723783,-49.4981111469795,101.16807388035994
-20.49803262834636,-49.49626677084139,103.47361601848073
-20.4987105715322,-49.49863708646021,98.29674033693989
-20.49622527986473,-49.497388784629564,90.7081458258967
-20.497649289561963,-49.50339928365046,108.48011933969705
-20.49696519069615,-49.5003844252558,94.54739622046328
-20.502179654274286,-49.50490668380173,93.4165887096532
-20.503225604562203,-49.50253321135479,96.79018672095631
-20.497493852483593,-49.497735382848866,102.97544310276021
-20.496931652607326,-49.495081900486504,99.28355667901779
-20.495094948579993,-49.50400821900413,97.51319421173392
-20.500873823230886,-49.50098505684139,98.02840454383684
-20.501279819142074,-49.496999290313006,95.25549333588972
-20.49723587039258,-49.50295964365371,102.18954794381713
-20.50159196459747,-49.499449150506976,82.53533687750149
-20.495692426743965,-49.4976692870397,93.62786737120412
-20.49641587248157,-49.4988401454974,96.64412001188786
-20.50071005972625,-49.503119752653845,90.0440605477512
-20.497491289322085,-49.50144615431314,104.00282828749185
-20.497454571259155,-49.49716208215514,94.09290946769767
-20.50396876131164,-49.49945773485868,103.80021098519666
-20.495974470933206,-49.50494770386457,103.28467821002887
-20.499947476275523,-49.49739009239972,92.77159871191758
-20.496735425338922,-49.5046468864506,95.04400466216516
-20.501799503989695,-49.497542662172684,94.67316063657682
-20.496044767715038,-49.50297519439835,94.42897966465706
-20.50110798321266,-49.495419265198805,95.98548600039418
-20.504891623485197,-49.50132059248698,91.22333272987832
-20.49594618023581,-49.50173068383662,91.23705796135962
-20.504087133232137,-49.50351111949668,98.14188579851698
-20.501806863624097,-49.5019439578451,98.48077677720364
-20.49549938032949,-49.49623349238172,91.006372084384
-20.495493928530625,-49.495036656623725,99.48594065311134
-20.499265621118766,-49.50131690469493,95.40243454012001
-20.4986816278783,-49.50051389369045,99.1901980346281
-20.500515544780217,-49.49777929061797,99.21192245582054
-20.50206789228302,-49.49613804219535,94.84388632816174
-20.5017133545463,-49.499069556658135,97.40605125192363
-20.49827481543923,-49.501084743018225,98.18642828398958
-20.497476254705624,-49.500873781591515,98.34956037297695
-20.497084209562743,-49.49804381853503,94.22923290543048
-20.497103818572054,-49.50496781736396,91.9427284923106
-20.504087938969512,-49.4988041066254,94.13161613082329
-20.500055796952974,-49.50144506989559,89.04057790418526
-20.504424412399832,-49.49705802668723,92.54876020370244
-20.499504711176762,-49.50407009360177,94.7361355879814
-20.500584694986266,-49.49911797733051,94.03158083236313
-20.496122958172418,-49.50019027110114,94.89843008561692
-20.50149084987448,-49.498576744740944,94.80408563386916
-20.503829329835725,-49.50435146405517,97.42514789008443
-20.503570083179472,-49.49920016212572,99.40200411455476
-20.497384893682828,-49.499385154120404,92.77324468511367
-20.498817819366838,-49.49939339905584,89.96044248912418
-20.50398877323877,-49.49896512333404,89.80798752322308
-20.50415893193885,-49.498235320627735,92.57498004201467
-20.49799030868541,-49.49695011000319,93.33654309476499
-20.504272369936356,-49.50230179279872,91.17813118785152
-20.496781399407098,-49.4967495058982,88.58784262434217
-20.497937577728436,-49.50001744317736,94.78311738284751
-20.50418651219358,-49.504229417208656,95.92803513874568
-20.504151622859148,-49.50441449070756,97.99538020381692
-20.49513360421499,-49.50165761681304,93.04922349443213
-20.50125729204244,-49.497151030228885,92.97858060110522
-20.50129357852933,-49.49792319065259,90.44593320043907
-20.496872004327425,-49.49711385035327,94.94240231066925
-20.49552751422616,-49.49982730943558,91.31584411347143
-20.49513998936177,-49.50059801002045,98.48621418127523
-20.497466218147412,-49.50352547473294,89.05054762692029
-20.50123740414469,-49.50171807246391,93.78366445156277
-20.50416499283301,-49.50065980633826,96.5328349661432
-20.497228530840726,-49.50411399570321,97.49958404246328
-20.49941595750264,-49.502793880472886,111.42379700541814
-20.50075777990753,-49.49901774705936,97.00723947889642
-20.495936456149053,-49.49764336885761,90.10065293509419
-20.503888025176938,-49.49501652488607,94.5242970674635
-20.500073748957092,-49.495668866686565,86.13794505994036
-20.504886463552324,-49.498574348004645,94.60385195470901
-20.500313393580058,-49.50078751946706,91.93566998859448
-20.50443696724318,-49.49863822635292,99.58747734263582
-20.503811820837317,-49.497143483819194,92.26000438792933
-20.503824737532227,-49.50381663809077,94.44976455443084
-20.49850789697884,-49.500900951103034,96.2919046492224
-20.497539551207346,-49.49660197714364,103.7608218438139
-20.49916631234903,-49.50116167048067,96.9607234314261
-20.495378274515254,-49.49928127728773,104.5061919413724
-20.501251294204764,-49.49912230639138,99.26593691859333
-20.502142879137182,-49.50315523746867,97.61367230155254
-20.496314008718105,-49.501377645583474,99.33012639568481
-20.502764041614803,-49.50165488711258,97.09536482094865
-20.495367774605594,-49.50473803291468,85.69784255661963
-20.504878455253102,-49.504758082361086,93.61465320302452
-20.495301211732926,-49.49668302956324,99.26438470313182
-20.504568400880494,-49.50226929190028,94.77645880481519
-20.49608856886302,-49.49981921233761,88.79948390998024
-20.499722988909138,-49.502012744264114,97.41582755090917
-20.49507035203881,-49.49559320754884,103.533605974564
-20.504262034352646,-49.50240703241134,101.26269341301845
-20.499461457155988,-49.50070343187261,96.81620818829879
-20.49530697464381,-49.49627269749515,99.78400757088204
-20.499769021558297,-49.49658066433208,93.21761637464678
-20.498706013618648,-49.503138985821536,90.40811616525097
-20.498042513110153,-49.49697356690204,90.47608499714227
-20.500454589352323,-49.50041813113262,103.62332199618298
-20.49872441919916,-49.50017031127915,95.72633096911255
-20.49915685688077,-49.50366520027584,95.75782328284873
-20.49598841989509,-49.50419398486243,94.2653122249814
-20.504545536196584,-49.49772060693026,104.5267054056054
-20.502190368104078,-49.50003538847645,103.27640099056207
-20.495495885159237,-49.500631492973845,106.95839200835664
-20.49609736216109,-49.49770491771348,94.34152631597374
-20.500443432472142,-49.497344871010085,96.5562524176876
-20.498798674021984,-49.50341091832331,90.38145051913054
-20.502226188170187,-49.49889774850522,102.46397123548871
-20.503118788402762,-49.503646459177226,89.23042276528021
-20.5003630159506,-49.497486249139705,96.1757985474044
-20.501466477719738,-49.498430448437325,89.6170366417974
-20.499163438881492,-49.495433853789166,92.07472187409144
-20.50422265363035,-49.504310419836436,90.83333781050051
-20.495256051923338,-49.50442945278849,92.3447246798744
-20.495137892555206,-49.50217812925307,93.15687545288782
-20.498018382859804,-49.502382943162644,102.48192164110894
-20.49963903633656,-49.50253021200928,101.84552076947183
-20.501904723837136,-49.49593745419479,89.48676015318469
-20.49686204980293,-49.5025045380015,100.42275024760296
-20.498152688274462,-49.502280502738714,111.98892461853643
-20.50337383060655,-49.497406017375816,92.4467736298928
-20.49589072815506,-49.5005026015755,92.53937931957037
-20.49677462757077,-49.49723289443045,93.95663676707055
-20.49550200086708,-49.504346338424355,101.38582046930796
-20.49774280491612,-49.50012428806327,98.2292332512851
-20.49886584804064,-49.50466386399817,93.25512495482258
-20.500817569637093,-49.50437346796545,97.7962076599742
-20.49567271516646,-49.49593562546655,89.51119015561223
-20.496339361104997,-49.503607546288826,99.89384023961426
-20.504547813298938,-49.499675793177246,97.05744372107269
-20.504736330255028,-49.50088904397399,93.47721394124927
-20.50123536633122,-49.50152656673741,91.3772690361346
-20.496894466692183,-49.49600166654312,90.60025989934549
-20.49512723870685,-49.504781766032245,97.94913125684242
-20.503495831088966,-49.49836210313824,101.16549692952388
-20.49905869284648,-49.49536605565786,91.83159756258104
-20.50119109143369,-49.49939831816538,97.53627030389936
-20.495300856021856,-49.495631775379664,84.57973249070241
-20.496578810768643,-49.50447742120714,92.93928631080561
-20.49661671295289,-49.50081206680926,97.2669215168358
-20.50031306840205,-49.50239842209038,91.88622994495255
-20.500851804976623,-49.49769179035019,90.40302949538578
-20.502265929280693,-49.49518702909503,91.66594493972411
-20.50443624503349,-49.502434699375556,96.48464995785685
-20.49635277623745,-49.498458253985255,94.36514891302757
-20.4968709899087,-49.5030190236724,87.08663958227847
-20.49500282326714,-49.499346697454286,84.6704425432431
-20.495033631629262,-49.500360675133116,92.47170514597288
-20.499445682943975,-49.49527994670368,97.30395101774067
-20.497310125848195,-49.49891472727303,81.8979329730207
-20.495552342701178,-49.50150493627913,93.73605017080905
-20.49650352609323,-49.50385904215112,93.74799906399494
-20.502526518982567,-49.50348753171265,102.06957381291794
-20.5004945586469,-49.50274683070049,94.18459761274191
-20.503708405848485,-49.502490333386596,96.96367903960947
-20.495459489727413,-49.49649383942159,95.74116221483453
-20.498938253655492,-49.499387772117174,85.28183209300686
-20.502713571944966,-49.499766090886254,98.9224597569809
-20.498282993155943,-49.50385231128131,98.38005938535514
-20.49881871759542,-49.4963986030665,97.59353323391964
-20.50141837281967,-49.497771856967915,114.69646736249312
-20.503864424078003,-49.504323316381004,84.60676385203787
-20.498284268044074,-49.4979216490277,103.87501255964682
-20.499796922990964,-49.49956461782657,94.28999998561437
-20.497276816082643,-49.50418274654253,97.94138492248752
-20.49979836498888,-49.500416993584714,96.13888732595262
-20.496478184996814,-49.5001530371287,94.24893350654426
-20.499480931612254,-49.503342254598365,94.18350324767366
-20.499390620284647,-49.49554301852999,96.66784679611087
-20.496233463973418,-49.496500246285194,87.46062473689118
-20.500965171337874,-49.498309776626705,98.88477504739906
-20.503659847715493,-49.50037704438999,92.96061813027212
-20.504712173236864,-49.500882344584156,89.36628345105073
-20.497448627443266,-49.49849026532849,93.17960894323276
-20.498796904486465,-49.49954568130593,102.42184152496449
-20.49795920231901,-49.504377268941184,93.714892621318
-20.50287035838491,-49.4998749735123,96.86611821349642
-20.50363628524413,-49.49693596382767,91.3528994186182
-20.50485455334332,-49.50040760122403,98.8027894469267
-20.501494124411934,-49.50448043422446,98.6341373672395
-20.499100823131453,-49.49713721800616,104.34555613336576
-20.501077559549003,-49.50298636217864,94.71449839924446
-20.500625250779763,-49.50241379165112,99.39495372326235
-20.495958413055064,-49.50335293646568,96.78579496814076
-20.501517445329767,-49.50169784935129,101.91875731956641
-20.4998601051084,-49.49743248494311,91.51404578792707
-20.49716346987259,-49.49980614140496,100.15852128515071
-20.50103457217679,-49.502951187258496,94.65020169916123
-20.498779132997722,-49.49622169921848,94.72310416757318
-20.49637636291253,-49.49620418145048,95.49524590222235
-20.495504793763423,-49.496294215749536,96.29081706107971
-20.50352926519071,-49.50261203788619,94.47641145191486
-20.495734123748385,-49.50048760655819,97.05749824461957
-20.500078837069204,-49.49515010343859,102.9022648063049
-20.50241755611701,-49.4972798752369,99.9506066300924
-20.500408642437616,-49.504728325787745,99.73978972000069
-20.495199674247147,-49.5043479540874,93.110453759545
-20.50007381906007,-49.50036068623188,91.62047843943877
-20.501712483897126,-49.495907797941385,99.788462695131
-20.498665991456832,-49.49961298202047,100.63866469149734
-20.50259854381222,-49.50002187491966,102.46382251953966
-20.50424136671891,-49.50394526300044,92.00181876530621
-20.50371120278089,-49.498432198952756,93.8701028104113
-20.503719541610423,-49.496778968394,86.80907803752177
-20.503480973064875,-49.50119579992492,93.09656255739645
-20.503611728273505,-49.497243881490746,99.99243285244582
-20.498591252551968,-49.49535523346099,92.68652969692528
-20.503181199156007,-49.502962335408725,98.2795676730309
-20.50154332716676,-49.49976670368805,94.27504022860242
-20.49603211590094,-49.50212862041916,98.7077853588825
-20.50026038359737,-49.49707145580966,89.3278065822902
-20.49832442261479,-49.499224066341185,96.34292901078526
-20.50327680128798,-49.4986541758245,80.07333105819386
-20.503077109811912,-49.497020858403836,94.07775817143745
-20.504591313837334,-49.50104029527338,86.86683532884096
-20.50331064936928,-49.495849099315926,101.03440753251883
-20.50221409660968,-49.49966971132754,99.00858663726609
-20.503229895157233,-49.503420451771646,97.39980447795942
-20.50411297466243,-49.49804100881831,102.6153379655366
-20.503793641288993,-49.497067386495615,90.26285687319191
-20.50039221231967,-49.50183238322933,105.10020403539251
-20.50293666281594,-49.49642820743001,99.66973053226711
-20.50135730138952,-49.49593856745234,93.83190677493062
-20.49996582729145,-49.50223095512622,102.75049073093786
-20.498096051713706,-49.49516478527285,89.4846501033998
-20.50460687860159,-49.50359288471952,90.89419968198924
-20.49700589601091,-49.50297984331598,95.67147030404884
-20.498720996105092,-49.503157751607624,96.19003635155099
-20.50418240968051,-49.49606010289992,89.72004758888227
-20.496264213758934,-49.49845707447675,101.40560081462279
-20.495791275994684,-49.50347895716778,94.75689129465708
-20.50438922040145,-49.50059676581632,96.78415972362747
-20.50223122351853,-49.4988470197493,92.22487504845911
-20.49693798720207,-49.50416535915011,87.2418257173062
-20.497517403096165,-49.49617583631593,96.39373987178668
-20.503154789806434,-49.49696396464558,85.44985145603458
-20.50290650676663,-49.499947932264234,94.73034265864224
-20.501295278972087,-49.49532873384741,88.16722754141539
-20.50015477014809,-49.50082239020725,106.22360050933464
-20.498817452284698,-49.495158896809635,99.572085841284
-20.501310863604303,-49.49832080001196,95.63506485204327
-20.50037465283867,-49.49865328726746,101.56623233878514
-20.497525290618665,-49.503340451047045,94.38679203498111
-20.504633167971093,-49.49618072241695,97.71960427994861
-20.50247563055656,-49.50072510312079,96.14195100391234
-20.497866504141154,-49.503377665942175,100.07826799473234
-20.496047931623128,-49.50487392480024,101.82657010572528
-20.499883225578845,-49.49940244316362,99.26877814562067
-20.499678865147345,-49.499726003778775,97.33182912768497
-20.5039282798866,-49.49780646377631,86.73609300323258
-20.500525876331764,-49.49609741946982,90.2241905522398
-20.49967382733545,-49.504205934153575,95.32724384496755
-20.502575294963652,-49.497685035096595,95.49470950044513
-20.502307567690504,-49.503125880559026,89.52376192543969
-20.501227158368952,-49.496418229468425,107.082149711573
-20.504799288022223,-49.496809364861384,102.58486150921995
-20.501779208344168,-49.49959206245014,98.18039980458514
-20.502885519930032,-49.49789757201376,95.38562346836501
-20.50172502647822,-49.501856498868165,94.29964409678018
-20.503802378681808,-49.50028832101067,90.27579041407876
-20.496094727192602,-49.49678363102289,95.4455148626197
-20.49906407546446,-49.50040734802827,98.49798339885375
-20.498208976808556,-49.50142201734675,96.90404122600734
-20.497108287613926,-49.500057875527496,98.44091212516717
-20.50001557801071,-49.49671750747562,94.27625889508302
-20.504130797119124,-49.50164791952629,85.49325703603009
-20.499628934581814,-49.50326238406864,92.60828856285677
-20.499131588819793,-49.49787985979669,93.14113154379206
-20.497545605258157,-49.49674021787292,104.51487263379595
-20.500683404537703,-49.50399362521477,98.31276319452341
-20.503724196972044,-49.50260125887244,88.37006308716012
-20.502162240942013,-49.50358028010239,97.60498577905436
-20.501369177036015,-49.50152058588418,87.76252215817807
-20.498540827586684,-49.50049649021095,103.44850521749328
-20.49929221695331,-49.497511736630365,92.78487904018753
-20.501439032741022,-49.498488524151185,94.6418527669367
-20.49513484751207,-49.49879071432522,101.83207170525077
-20.498942251806433,-49.501476250533905,93.6681521944638
-20.50262773208264,-49.496585524469154,88.02650820947356
-20.503982175273794,-49.50028712832602,92.11176552421635
-20.503471408608156,-49.49520895061985,100.19434128002133
-20.502540422716155,-49.49865857861704,87.45670017512617
-20.503393186267402,-49.50373735258436,80.89114133615813
-20.503134329759487,-49.49823822437924,92.77001870969652
-20.50214904831306,-49.501748959845685,97.99360624547967
-20.503266264047053,-49.49813672803314,101.02316452151722
-20.496032345753736,-49.504303588518376,93.40925275771751
-20.504197662543383,-49.503251185628244,92.9697934215625
-20.4997548861043,-49.49644262741094,100.81366899994194
-20.500896031730104,-49.502728204429765,86.4084887043183
-20.495176213830916,-49.49662958874757,93.09214898437644
-20.50387961097832,-49.50220723911546,95.99390469720974
-20.50102144400954,-49.49857118089941,97.40144559100169
-20.495305295667247,-49.4980584942649,92.57758719099836
-20.49634492874106,-49.49987345246855,96.18563401815474
-20.49682927929051,-49.50194689323303,87.20491590556605
-20.50242097172955,-49.50287355623629,91.87432155106995
-20.5032911241261,-49.504668106454375,97.30758970729491
-20.498313567800757,-49.50196053598759,101.02396871610758
-20.495706240108724,-49.498468372094685,95.51736211241918
-20.49943237106986,-49.495616951815514,97.25599112365778
-20.499283873105302,-49.496287955177365,93.33025626441888
-20.502200209063396,-49.49733935223465,95.8805882608713
-20.49730507066808,-49.49711552656746,90.29433864182887
-20.503129562514424,-49.49835015096524,93.99461132780459
-20.501763207635957,-49.50239713142434,98.39201904353787
-20.500745635613836,-49.49592804969294,95.80400787113038
-20.499923896213154,-49.49829267688094,92.29755778691433
-20.502575902675847,-49.499395593690195,96.19861119088321
-20.503851631752607,-49.50389010530787,98.60507306379009
-20.498893799575583,-49.500529444561934,87.43393644512989
-20.502113694467596,-49.50039641728798,100.97675300063304
-20.499187617785775,-49.49635436390477,93.36556022575276
-20.503456372847257,-49.49953351779812,97.16508171276453
-20.500188598981453,-49.5011959945103,102.44332766693194
-20.499674105674483,-49.49523199671489,88.15569843425845
-20.504481764631773,-49.503892794066736,91.47031473653676
-20.50163395721806,-49.500774515716884,93.88126680582769
-20.503655853230608,-49.50457975324829,91.1111782672589
-20.50436625029527,-49.49760095879233,103.68122030178307
-20.4951003976761,-49.495819234478006,90.73239917660213
-20.501776461550254,-49.502199626704495,92.56401334232295
-20.496901255541456,-49.496416583232005,96.07261374782581
-20.502453593452362,-49.50207781769538,89.16368388887362
-20.49818497277776,-49.49589229838356,93.05488798884237
-20.497397721401104,-49.49746038096403,96.74118247338942
-20.499043612593923,-49.496950932231584,93.42218647331443
-20.5002842381145,-49.504819934444,94.93119911588572
-20.500881590858526,-49.495371896429255,92.36423553469287
-20.501511317334568,-49.497733290079296,87.48739030930373
-20.495704708557522,-49.50195248904614,98.11820380743374
-20.496693805922124,-49.49670605335141,103.83893571034535
-20.495349730893334,-49.50218478801585,96.14469605861919
-20.503757027765143,-49.496272461604335,96.13077976269177
-20.497691325247963,-49.503874196095886,100.70838868625081
-20.49561659543179,-49.497963140225394,88.7914308996331
-20.50318766933834,-49.49959301523355,103.56182451317696
-20.50433503732633,-49.50403465529805,96.03098147083465
-20.4975887935071,-49.502581061717414,110.52035273886949
-20.4992552688682,-49.50487595963723,91.98539752993726
-20.49658171223242,-49.50031232034536,105.74490112346665
-20.503602276233735,-49.5019873473924,98.93111852076967
-20.4970473268814,-49.49901642515702,98.41966960688437
-20.50298372679952,-49.50202762192291,96.27284178847115
-20.50336344057134,-49.50200080888493,93.82762830678803
-20.50335734202069,-49.49756806801268,101.01699585337361
-20.496854252797686,-49.50451857164022,96.6446129426943
-20.49834802779304,-49.49597105004808,85.20041108112487
-20.49976934575231,-49.49647736125608,89.45951969948952
-20.501411695158765,-49.49832195316773,94.17016250788105
-20.49622799459187,-49.49906778429892,97.03771651821255
-20.501075548925773,-49.4960769750186,94.73600907541055
-20.496834005605283,-49.503146698204716,104.01803568949829
-20.500608650914298,-49.50421030837809,85.73559906129921
-20.50123055570575,-49.50260489830091,96.27859494170922
-20.500373202143304,-49.497054217213,85.972288630908
-20.50198622125836,-49.50465329733274,98.92343271318586
-20.49752390619824,-49.499171931649165,95.38001009299361
-20.499972796099076,-49.495045624838085,97.10893094135625
-20.50267787304853,-49.496443039061624,90.69109216313039
-20.496004254267255,-49.49978554310957,102.15839701534902
-20.50116108778627,-49.50436359090713,100.4983032071212
-20.49956447138886,-49.496686264856145,97.97666328126097
-20.495935278890354,-49.49901021491823,94.748790545793
-20.49875762004086,-49.50385067002941,99.92983968434454
-20.503831019592916,-49.50406142715177,91.49644856169563
-20.495601678763865,-49.49590373180563,99.29920723109959
-20.498722919469287,-49.49830799737062,103.59592329717185
-20.501650943853427,-49.49670713200683,100.37724155121256
-20.503607279273364,-49.49621021099718,91.35672665959659
-20.497059748107297,-49.49928227647952,97.65267119811126
-20.498799272440714,-49.49982553648245,90.01325934369945
-20.49966538908024,-49.50069572589679,99.67084072975288
-20.496061074169493,-49.50183053412209,99.39500135293531
-20.497114027887754,-49.50065404039141,88.64508993835652
-20.50348325120267,-49.4972612034427,89.20176302312407
-20.501882779322045,-49.49898076568985,93.69395561952392
-20.502515108601855,-49.49607476710045,93.50442751959166
-20.497560537074275,-49.50056619985621,92.30078357742872
-20.50466467565264,-49.49892910421281,96.95464752738984
-20.499301103151286,-49.49868692446908,96.68420581063252
-20.497375413142592,-49.49908302837694,94.78819543887568
-20.496232343632382,-49.497973662269146,91.40570559858051
-20.50157918251284,-49.50262566531625,100.63990606028709
-20.49678742695328,-49.49987636222454,104.57735691721012
-20.503893682630448,-49.50395775197192,92.6123209827027
-20.496535477082656,-49.501154886723555,94.70454932286137
-20.503725113376678,-49.50012332931379,97.49230704493077
-20.501027127094396,-49.498477757404544,93.35409435937322
-20.497027046342204,-49.495494689474135,94.32388035948802
-20.503500825726512,-49.49899348933452,98.72668250497607
-20.502707486047672,-49.497564060838236,85.47649914956997
-20.49777747431607,-49.49993733940505,103.4755564690068
-20.49779963463454,-49.49865895968624,95.89122641741147
-20.49858852367115,-49.50429067783867,94.3516724680307
-20.49806051555533,-49.502456084191586,104.02231286129471
-20.499572755566525,-49.50138146906795,97.57990640056093
-20.50248200941093,-49.50027506644994,86.46713404992872
-20.50154304006496,-49.50454351254498,102.66608170049071
-20.503184022831984,-49.50359975902447,95.27268773367052
-20.495915494386665,-49.50223185692209,99.05671174097404
-20.49916608205234,-49.495284673090985,99.7741933084278
-20.500991485832362,-49.50168652992897,90.63514325525921
-20.50037994196356,-49.50017958941888,98.11690821173814
-20.495527166603882,-49.50303902287262,94.68792883207361
-20.50346648596884,-49.498892199289244,99.26172665137247
-20.49913770167983,-49.502193167844844,89.09453016314716
-20.499941113211154,-49.50293007421562,96.2475486984846
-20.498885457645653,-49.49983427371554,93.43118012940522
-20.50481889816179,-49.5049449420084,97.1702334576403
-20.49627876091056,-49.50492335967351,97.85461539016018
-20.495678817175165,-49.50280931190898,92.7456701263429
-20.499348668164107,-49.50463278637499,92.21787763395767
-20.49803349176123,-49.50391974245869,96.64570153550602
-20.49577500618823,-49.501611393506614,92.0841215746416
-20.497927613656866,-49.4969741432042,99.30835652848887
-20.50347460957086,-49.49927951356631,93.18716263382439
-20.499237116398334,-49.499873322740434,81.74616308385532
-20.49893284953617,-49.50206511176792,99.01397617204694
-20.500758693286976,-49.49568246280567,89.82249479678268
-20.497635557643754,-49.50102984958763,92.16485708615048
-20.49565632985231,-49.50412907233204,89.44522802828536
-20.495744314870933,-49.498829334838824,95.85336280238832
-20.50049160628596,-49.50386161606524,102.31204465872369
-20.50386761954159,-49.50154776857198,96.60763418611343
-20.495151588010376,-49.49992588061282,92.40990011273553
-20.496611019135543,-49.49625777475315,97.32029228327586
-20.503753373187966,-49.500064534196596,92.73920910602641
-20.495791581173826,-49.49797741233968,91.67945329542813
-20.49630103637938,-49.495071831610005,89.24015617969202
-20.49981161942874,-49.50368510880102,87.50433901464964
-20.49908724564255,-49.5022526847448,97.96310118273402
-20.5010099729613,-49.50105423924403,96.4298053919227
-20.504452383611778,-49.50078171821461,94.53798467626378
-20.501648027583542,-49.500889789247346,93.25131886182277
-20.49697146551402,-49.495923889974435,90.30287287219073
-20.504953679769955,-49.49785967355533,98.04581622256424
-20.501665008283087,-49.49892094785909,88.53943482191997
-20.50101831306409,-49.50190627282137,99.61232772131609
-20.499626043970622,-49.49676209615779,90.05117453350684
-20.495801443835873,-49.49544939488515,91.25279453807295
-20.50153654005634,-49.496788017174495,87.69365826212932
-20.501530467981038,-49.504984348948085,92.64036377609587
-20.497624987518904,-49.49863598629817,100.38480218015563
-20.5004778205911,-49.50448864618558,98.02577393494042
-20.5027539517706,-49.50242392779666,100.01895855989918
-20.500475604838673,-49.50440475299652,98.08627969853778
-20.503591429796202,-49.498962045470506,89.50750250705673
-20.503236130134937,-49.49813410086507,93.3684117342092
-20.500016322272604,-49.503855123619346,92.06765869140399
-20.500810745504953,-49.50116161116955,102.45133593223305
-20.49585154098932,-49.50043763491045,90.06898486144323
-20.501376061008834,-49.50130946978239,99.94660208500883
-20.49919411649722,-49.50378974999515,101.2093450787213
-20.498677357120805,-49.50081052209813,107.96420274475437
-20.504869055434117,-49.49748821952191,92.95561222452362
-20.498364626279834,-49.50428992335467,100.03752662333824
-20.503219640331302,-49.50419819985918,106.46030755104005
-20.495389296825305,-49.50145228708164,92.95313533267061
-20.50351337272247,-49.49558274288381,87.32797405434586
-20.50085375876273,-49.49831427353277,85.7417501068292
-20.504146503319213,-49.49821330043327,98.57454463579762
-20.495031257481543,-49.501380800091624,86.3070804665337
-20.499978049896686,-49.49906339208791,93.57331294803298
-20.4990461498268,-49.50489868815973,97.87478966866558
-20.504329235226116,-49.4986390395359,95.93746077188057
-20.497500395296008,-49.49586713052424,97.15912476380375
-20.502900944069044,-49.49887426531655,96.15628182773749
-20.496019457105593,-49.496263014065335,101.42902335482748
-20.50294860359518,-49.49776026944534,90.2606019628516
-20.503093122793363,-49.50379441583596,91.6827741009394
-20.50463450332152,-49.49597546692714,91.13862624141034
-20.5002793305489,-49.504335561556445,99.72479397253151
-20.499351588667373,-49.49966032527452,100.5080492424536
-20.504342913605715,-49.503578628762064,97.27787190598211
-20.49724472383305,-49.504882933892695,101.67918830267949
-20.50046711165252,-49.50077965739872,90.06638535928683
-20.499756097306726,-49.50204959292346,105.9250715502774
-20.50059237253062,-49.50013999506202,103.23339248203878
-20.500992369391245,-49.49922800113266,98.93197535839222
-20.499403596686918,-49.50456260927691,104.71652633562374
-20.503447597540692,-49.50376996704876,86.76569138612558
-20.503180718695045,-49.499413576035494,92.42360792400196
-20.496382143789866,-49.50156832646827,94.13463603680259
-20.495538845378665,-49.4977082651245,98.71392971005093
-20.501266906837202,-49.49847708351408,89.87218312457617
-20.502292553268564,-49.4965439563701,98.80196757559271
-20.49856000456761,-49.498075071733304,102.13729306569705
-20.500912658289018,-49.5007006892261,99.09401026410703
-20.504746136443394,-49.498270333776055,96.4254901249071
-20.50343847402634,-49.502246188257445,90.12546288282056
-20.497840277711525,-49.50193686501222,103.39862097546278
-20.4984107605809,-49.49711014840079,101.3590059300922
-20.504729040074963,-49.500535804835984,98.91206729956365
-20.50278027838067,-49.497016196594814,94.8199325399909
-20.50268925203412,-49.49677577626331,92.92385850932143
-20.498281072564012,-49.49642437662339,84.9273963396295
-20.504802894622454,-49.49583364764158,89.64728151668616
-20.503958914180153,-49.50069014779487,104.59069884881015
-20.497000839146267,-49.50181133181679,94.02388685766883
-20.503214553379458,-49.49917801253406,95.98730903274762
-20.498472538921483,-49.501288275765624,106.42087525856402
-20.502618172189532,-49.498989258331996,88.78590244673515
-20.504005586072406,-49.49794414137356,95.93423843739667
-20.502568278090006,-49.49811594981508,99.72689867271274
-20.497777330681444,-49.5012544711298,101.9518616073426
-20.496443035318936,-49.50333139798301,111.27574526882886
-20.49669780135433,-49.50069470661538,89.03028522779061
-20.501028164703815,-49.50357405855918,100.78785763415658
-20.498319148634295,-49.49609902964816,94.17669061727459
-20.50295015704584,-49.50154122539262,98.96360531403062
-20.50206852269739,-49.50345540252777,97.4058338645853
-20.49603664181479,-49.504745522400945,91.84733542240066
-20.50486998076489,-49.49854177613713,96.15183378757989
-20.504144914691455,-49.49863097682545,85.72406369717447
-20.50292113744854,-49.50159395833419,98.12378636254604
-20.50473467796126,-49.50428288111153,96.50303255010073
-20.5031856456491,-49.500903711051045,98.26815518693213
-20.4991695843903,-49.501887825049366,104.9231013109136
-20.500785754494075,-49.49822879360265,96.97610055706828
-20.49607328288923,-49.49894220750547,96.14453014002476
-20.496825564382615,-49.50135406271802,94.520974946492
-20.501581826483022,-49.50282107445745,91.81923975485128
-20.502405765665685,-49.495119640338444,100.93791805413525
-20.501203075918326,-49.50045998378804,102.61080067081089
-20.499097050574854,-49.4981172576422,94.07479932939502
-20.50231936359177,-49.50359447032422,95.38014988113221
-20.49875851092151,-49.50014410300341,92.49700006678022
-20.500905883478087,-49.504724632801306,101.14310669861973
-20.49947952819148,-49.499945448820895,99.51977981981696
-20.500638734708648,-49.49535982592882,104.7179160036117
-20.50205534240458,-49.50115793287014,90.84678715491026
-20.495515466930378,-49.50461003987425,93.51838432703983
-20.497363942058403,-49.50469044209081,97.10224302073587
-20.503598868242335,-49.50112013240053,98.2842908417769
-20.49631532024102,-49.50339975063537,95.59989660338805
-20.500125688017505,-49.50476647903672,91.09324185274106
-20.49605447773106,-49.4974378638605,99.51226822801479
-20.497001447440528,-49.50041476991118,100.90941787160683
-20.500747864955308,-49.50210755228027,91.3775771762616
-20.504775306916798,-49.49599916816983,101.7789736781818
-20.50231322640615,-49.503838610398,100.98896570109319
-20.499583657853393,-49.495440811710445,95.68908681645237
-20.49866521780174,-49.501860332826226,102.99935906387577
-20.502421123145666,-49.496115963276914,97.77983272845306
-20.503606439259272,-49.498970571235205,90.71710121577965
-20.496650697632006,-49.496732926402586,95.21543493593028
-20.495155978192965,-49.49515986836789,84.24717960896778
-20.499743098176975,-49.50211594562182,101.99684941961421
-20.503283207141518,-49.49538864514592,87.19570096803764
-20.502276926734805,-49.501105181050974,102.70695672768797
-20.504816093234524,-49.50114488095263,93.36498410764158
-20.495857011934397,-49.50159612895746,95.63607931521649
-20.503822489171096,-49.499585923926524,91.88878962446553
-20.499234835244856,-49.503458549568215,95.77863811169607
-20.50225944779313,-49.49946288514642,102.19808161816844
-20.49945821997484,-49.4995829518759,83.45249422434763
-20.49848579611648,-49.49738098187395,101.5290428021836
-20.49670258196293,-49.49666350038062,96.75191440723381
-20.502935787282393,-49.50059558649688,89.05348917771828
-20.504890041713413,-49.50197666750648,89.6387055022951
-20.503631143699312,-49.50240665102683,103.43494955003605
-20.49599981358152,-49.503053761632955,91.83649100465924
-20.496261099224377,-49.50442352417801,89.99299059909282
-20.499025868978297,-49.50157552021165,105.62886568996983
-20.498994831395663,-49.502297523078695,102.00324070484676
-20.498349633254538,-49.495335826141336,90.32933467219517
-20.503246287213766,-49.4994229117375,96.12653659831106
-20.495855880540752,-49.50152722960969,91.54057478179325
-20.50081229475108,-49.499195323990065,100.78669886505239
-20.501168614717503,-49.50360803298655,100.73630800977465
-20.499810822947172,-49.50055956250798,99.14321624227796
-20.50453034033225,-49.49873765678579,96.81843961772759
-20.503337166312438,-49.50011102168207,103.85809546866761
-20.497619663835735,-49.50098221199346,100.0592081505855
-20.504172013320748,-49.495061516111,89.09201958301335
-20.498968478905336,-49.49619685237851,97.28914877380231
-20.502546508903187,-49.4987659404184,105.48685677925323
-20.50110704385958,-49.49930622638818,90.17177981409091
-20.502113062632294,-49.49879339520175,93.27417630751265
-20.50144327283535,-49.502986878921774,97.49956903583521
-20.497809540948158,-49.50104862256736,100.41527472735183
-20.50202878284377,-49.504605404671096,90.21219580263681
-20.499335953597033,-49.50024453962513,102.26140278912696
-20.500239495978008,-49.499569754160426,107.15082405238475
-20.498363288346376,-49.50272250263897,102.66223842228787
-20.495631702606754,-49.495359711528344,90.4926699038907
-20.497674279027898,-49.49590545389063,87.2887314318643
-20.502850596214092,-49.49777856764544,96.31405938234809
-20.504688168649388,-49.499666133712346,100.53196692498454
-20.502377359557002,-49.49630030840352,97.38718816575266
-20.499049220693,-49.503693476561764,97.03397494992787
-20.504485741865157,-49.49709490205725,92.05805268071593
-20.500036337527987,-49.50375179186033,90.56131534467076
-20.49903157151083,-49.4970578933745,99.27002945745649
-20.50165756109183,-49.502242324317486,99.9526981164786
-20.49729087796254,-49.496229094189815,87.31611912322505
-20.503934017468662,-49.49555957906174,102.9515543497503
-20.50424862218264,-49.50351204030595,97.8945679996825
-20.497718112437965,-49.50037324394935,104.87584703832097
-20.50004508683794,-49.49519012621837,88.30161066672322
-20.498115976035724,-49.50016592564027,90.55853653149728
-20.500651726613963,-49.496364524774854,94.28474902337516
-20.50253597966761,-49.49911268477869,97.58324988761895
-20.49680897682326,-49.5012467009208,107.64668780901532
-20.49700584121031,-49.50214216444474,104.02506226561519
-20.498053035291456,-49.50296776908914,99.47726930905743
-20.5022785486277,-49.49738201808622,89.89582624636336
-20.499097693331308,-49.50113459493177,104.85708841053714
-20.5013902610306,-49.49988724537799,90.45266831706141
-20.504084179266734,-49.50007674519999,103.1677462236729
-20.495826864245377,-49.49922720970767,94.0207787613971
-20.50363181369081,-49.496344228543755,102.9580360241347
-20.49549762646179,-49.49519260656416,98.40527974126
-20.50053994227042,-49.50092415791426,95.26592405881273
-20.503148670711614,-49.496724810778936,92.41245365375391
-20.499580990526216,-49.49735472205345,93.40638597118475
-20.496270541641238,-49.49926471048544,97.73129264462
-20.497677751135903,-49.49543952856388,95.40684351115699
-20.496934388521385,-49.50299525484472,95.52110681712047
-20.498412166332894,-49.50390735789691,96.30300479401403
-20.49807723435482,-49.49646038033045,95.45177374303975
-20.496508043484347,-49.50060850183366,86.30647272941617
-20.50250331991141,-49.496530311457924,97.3034040556903
-20.50010575036357,-49.496069097948045,90.12911445563954
-20.502787905581805,-49.50437542406381,89.30493296040194
-20.495123319920033,-49.496165352370134,86.58571155348697
-20.495559406603135,-49.5005168094463,86.89307015533953
-20.504605731886315,-49.499895675109954,88.23739130885245
-20.497944248274845,-49.498734074889065,92.02704712725273
-20.495747516825844,-49.4957361739327,104.78557996397367
-20.503194246548727,-49.504808839055706,92.41148575408864
-20.499320547694474,-49.500231565316824,97.53907018208957
-20.49584511702412,-49.498122779575695,97.18008997182201
-20.50466054021414,-49.49777293042302,95.660950522075
-20.498025797327532,-49.49807467568463,94.90879363109802
-20.502026509926274,-49.50365564870592,89.21643495602218
-20.495756038046235,-49.502006044116285,103.84518812163691
-20.495289417548346,-49.50141284474583,104.97267888443685
-20.495557335108867,-49.49695562792321,86.64191617381302
-20.500257857833425,-49.502212401275855,91.4329118973192
-20.496379573490106,-49.50289295036133,95.95909632713084
-20.49655450601465,-49.495425519809615,90.19520196312953
-20.501808995267567,-49.50491136714887,97.65399009920685
-20.496710845258495,-49.49502179144318,91.37106157920124
-20.504629923652843,-49.49823178701143,105.83259471810165
-20.49903730121518,-49.49671530700551,101.02147887842798
-20.502699911627122,-49.50205380603654,96.19926935162275
-20.503794331142227,-49.50485684722333,100.15839553370053
-20.504230467983707,-49.49762130481438,100.53689544356192
-20.498037112241217,-49.49665855402999,92.25208741457027
-20.50160125036232,-49.49759523868046,90.96963072431684
-20.497752332284712,-49.50357149712699,98.44686722487631
-20.50434643659201,-49.49746572077743,99.3143278507129
-20.501847096621695,-49.49731077217892,95.73012962261313
-20.499605087076247,-49.4984145948433,87.4101780078848
-20.49709276835161,-49.49733884067204,91.11583127753703
-20.50181247497068,-49.49654078560322,94.64937830742848
-20.49874108623563,-49.498863958857626,95.2195518162656
-20.49614022251764,-49.50411395286031,105.7607481671224
-20.49884136811818,-49.50012372190333,89.98897990965237
-20.502670405252463,-49.50422350665329,97.61298612761315
-20.504755992184435,-49.50092456968967,102.46160022901651
-20.49629901126099,-49.500928935108746,108.36685753834074
-20.504787305891494,-49.5043399015586,92.98944565353543
-20.49625298327316,-49.5015117946603,99.90228375651523
-20.499710628659727,-49.50389001901209,99.02096375441391
-20.49560932301487,-49.496917647899906,96.03196614722255
-20.497012167642264,-49.495523119740355,94.52718762750375
-20.495020658894667,-49.504276835247424,97.53273947288629
-20.501492881845483,-49.49544884792708,82.34771970354173
-20.49732811711069,-49.49977423400663,99.87715088266627
-20.50098069086391,-49.50200434322046,96.39225343484759
-20.500201243796962,-49.50423137924724,94.54050674847345
-20.498724945367815,-49.499993757319295,107.01116979900551
-20.496263228858137,-49.49705484455509,91.70473266219491
-20.495159165308007,-49.49792913522733,93.08938363460443
-20.497317265861355,-49.504497739885366,106.08377770092399
-20.500822332178327,-49.50427098164632,91.2404078326752
-20.50078642997723,-49.500971267173675,93.018768161278
-20.49762417698411,-49.502047095059524,104.53549805605732
-20.502612228542315,-49.50267615676944,99.3454525895699
-20.503895258868685,-49.50218995501091,96.08017336663166
-20.501453778423592,-49.49696517256703,88.57032916919665
-20.50212761008346,-49.49570771946368,92.34724628446573
-20.50203691879544,-49.500948973054726,92.19466546483963
-20.5026639224895,-49.495938889978675,94.62105098345232
-20.504579068103634,-49.50178504298752,97.14998241699232
-20.504821260652665,-49.500235630136565,97.1040953243022
-20.49512277610264,-49.50273971002184,86.88888382147663
-20.500722268662642,-49.49859523957824,100.51152281117436
-20.501156733528404,-49.49521018884825,96.27124269262332
-20.498203527173068,-49.49896506903956,102.63893063949213
-20.50281746112135,-49.50142185915887,97.33817936824411
-20.495500388160497,-49.498521825540095,100.71359242913718
-20.497136549855846,-49.503770793215345,99.42439105999131
-20.504105889976877,-49.49611340919734,101.73423816085956
-20.50082419224215,-49.4999691604922,98.07403084681225
-20.49620881692438,-49.500506502579604,95.9667418761976
-20.495552679777088,-49.499141352115466,106.71033377639833
-20.5003259848875,-49.4987521613721,99.72134443300995
-20.498865886107893,-49.50428224193774,99.17485326250436
-20.50332966053908,-49.49817382778777,88.63969795992672
-20.49508831373863,-49.50258068319685,89.32876219139722
-20.502683282986165,-49.49786047367493,96.49251959174921
-20.49557268225865,-49.49677465205615,95.77479669530368
-20.49850353351008,-49.49696041492447,92.02412633505892
-20.49892263205121,-49.49947499032592,96.72486631030146
-20.499873114889834,-49.49979830107689,103.7762101827065
-20.50269330188282,-49.503571240386606,98.58333459563376
-20.503234719679945,-49.497246538495965,89.30769942120074
-20.5027951379093,-49.50228590619553,94.56545184411816
-20.503135617378557,-49.50003304577182,91.03650554418616
-20.497204155264335,-49.50215725907073,99.72614768834808
-20.501498747408334,-49.503661716370004,93.24376313151048
-20.504421573234364,-49.49870442303108,92.62277269461114
-20.49530897369859,-49.504456679651774,89.11663526404595
-20.496162141150368,-49.497513547658734,94.47935245091843
-20.495722477168048,-49.50182413204739,93.7246373028424
-20.495050921773537,-49.504998653069954,80.5763832755849
-20.503261047507806,-49.49988870860763,105.31663618716061
-20.501037579810973,-49.50453148091473,100.73147323967238
-20.49741761524296,-49.502238304421795,101.11333273604133
-20.498039793819462,-49.497930235125445,95.35026647147576
-20.5034610409366,-49.504373103783784,89.1806452101685
-20.496841668750093,-49.49660661507644,103.53892065444799
-20.502755594281634,-49.504961800773415,104.5417732561399
-20.502761823851774,-49.502531761307985,95.90797817120706
-20.499630255771066,-49.497590959438476,100.25397542501561
-20.49907060065158,-49.50183729850271,100.95565066412553
-20.49919913792162,-49.503981076119345,89.79678801453275
-20.50408513162602,-49.501397660811996,92.97402958886303
-20.4962253913737,-49.50229606713616,98.14126554326927
-20.502343999574112,-49.49657288097839,92.74161875989165
-20.50370485078717,-49.50186652082415,93.95660230367113
-20.49611251920131,-49.49711067528224,94.62242660874999
-20.495443485017702,-49.49608127855189,94.61938062970565
-20.496378723827345,-49.50066182580424,97.09410148611067
-20.496904839252753,-49.49590056856145,89.72750849581429
-20.49844758019361,-49.50122681946037,97.55394174885222
-20.499491426293908,-49.495359215835094,88.5936820279746
-20.504130132400885,-49.504107104754745,99.91203523945609
-20.500915467869294,-49.49812980733497,84.58972696380772
-20.50127311482988,-49.500061859595434,101.10220655065963
-20.502402462162397,-49.501123511945444,102.10024786946468
-20.497765798863114,-49.498672881212514,94.0231281157492
-20.500041242649214,-49.49796142908365,82.14681549625944
-20.504189537840922,-49.5049563673035,93.2091913544455
-20.5027981679805,-49.50333046911253,94.78227129217713
-20.498167412363404,-49.49786953949366,90.18732464398543
-20.504238691405096,-49.498336145864215,92.43472173568858
-20.496487930859512,-49.49533952494871,102.66718960078927
-20.50004853472986,-49.497389622097494,98.42125720040596
-20.500194134226735,-49.49549227292268,90.39279309680828
-20.499075922153406,-49.49797459498465,87.24455127055887
-20.496753190340748,-49.502019477913606,97.67556212893187
-20.501521907920978,-49.5039463507775,94.20095085701787
-20.49821983847441,-49.49718176136655,97.60160497732915
-20.49934268036004,-49.49855850778524,92.69644947387417
-20.502329717298306,-49.50451813987607,97.65768754662285
-20.496213700136447,-49.50139949534099,106.95426481261902
-20.497025739783933,-49.49543200184515,99.09711320394452
-20.498415481653417,-49.4999959885429,96.69710306220257
-20.496494182709057,-49.500672708639804,96.09954437901881
-20.496327057990403,-49.500423003948406,94.72193960452347
-20.49791637023285,-49.50291117275995,106.91093840434073
-20.496629866716365,-49.501312928291355,95.1025371920236
-20.498025285383306,-49.50130186744013,102.68540097371495
-20.498198592282396,-49.504476449798126,96.5066231992521
-20.49881388621785,-49.49732432371482,92.62137675357705
-20.497472833604423,-49.500834955680965,92.3133974294842
-20.503413948947067,-49.49677820113183,96.62298958464959
-20.49619129240801,-49.4964965199888,94.74070905072094
-20.496281564722548,-49.50288005945301,99.67694577742172
-20.504707527169654,-49.4984264651783,92.33950470997428
-20.496741832494354,-49.50027718195837,102.88074377054933
-20.503711301325264,-49.49619843262078,90.62050093978704
-20.501648811457407,-49.502842593208236,103.91479439720746
-20.497564917437085,-49.4982218679969,86.59634001767365
-20.503392401039516,-49.49892247877747,97.20402524670202
-20.49682032975881,-49.50204698522428,101.98354419902496
-20.496678658220425,-49.50363399096349,92.8564962706582
-20.499925322662392,-49.498483602395225,97.39424824011958
-20.50493614128283,-49.49761402541868,101.40168641391715
-20.50212961866825,-49.50184372656237,84.15652871152824
-20.49883073081624,-49.498551673959774,97.94589688324962
-20.495188138219728,-49.50104869092389,83.30440742614236
-20.498681864729832,-49.49786793116717,90.39933628721191
-20.502401964189357,-49.50300784725106,103.30984382229455
-20.498659942969002,-49.49609784997364,92.13061251084534
-20.49960014620284,-49.502125904035346,92.14366687986018
-20.49720154604849,-49.50132214012244,99.2731033013553
-20.50393019361173,-49.504419080479195,105.36434019031121
-20.49738972097498,-49.503884877876786,87.91011659992769
-20.49958733421324,-49.499841380972875,90.77249932859245
-20.49537007996141,-49.50232407323272,103.54712602012144
-20.501581278339614,-49.49664519774257,104.31240979222197
-20.49867378106866,-49.504853066113455,95.28256141727448
-20.4956797189449,-49.50120905951328,90.09734808838479
-20.503974902720092,-49.50162654453231,105.51690178417198
-20.495627715127636,-49.50480672369083,103.35246295428519
-20.49812114277699,-49.50375631601,100.9741462700368
-20.50432162940895,-49.50086357325081,90.96234580054437
-20.50199036433053,-49.50007135415552,94.93321239063368
-20.49791827911355,-49.50095710252745,99.4678068019902
-20.50432649398531,-49.499690623215876,96.672088430892
-20.499178295398238,-49.49904868325094,102.88014246856235
-20.50154116943047,-49.504900761788726,99.55128032232932
-20.498790844822324,-49.500359048405464,92.03966625508386
-20.504542579661873,-49.49536500759112,101.88382890784682
-20.496284631938476,-49.499809677198705,97.4942993077993
-20.495265110308228,-49.49822457732541,98.57705445612582
-20.495311221447142,-49.501881361420836,103.34949931374949
-20.49750348168257,-49.49726008621847,89.56983363132339
-20.503699137598694,-49.497270785181236,94.82998801527418
-20.49741736804071,-49.49978703952346,93.86419656550238
-20.504754130835412,-49.4952398617672,87.16176446895925
-20.50477876448471,-49.503744497852374,96.74723308110012
-20.501763897808505,-49.50483052335111,107.69293059894265
-20.500113568095955,-49.497298417882426,85.88618510767664
-20.497295925821923,-49.49692844462635,94.928219831735
-20.498167046233934,-49.503797927708796,100.66817614547716
-20.500540972936232,-49.502344171670416,96.770130058417
-20.502263733337184,-49.50482447636634,94.5245034630199
-20.495028754998422,-49.50206691389219,89.27193152616583
-20.50073818697764,-49.49726858126081,96.22731573742186
-20.500486129756702,-49.499820394722875,91.76596138358649
-20.503363761788084,-49.50151904406832,84.1191447085382
-20.497051904512503,-49.50128260705094,105.54119779588642
-20.498063177742186,-49.504986463742846,100.54840718046529
-20.502792303872113,-49.502001994724345,95.38270476141427
-20.50417618954384,-49.49853541258362,96.15798018591633
-20.498195006979252,-49.495258055561834,100.38924545849193
-20.49845488785719,-49.49652939173016,96.18364766039979
-20.502267404730016,-49.50476405035355,99.61298050448106
-20.495491364377497,-49.49601439395325,93.53536612094351
-20.50348942108219,-49.49716801586701,101.56991963501615
-20.500676651989576,-49.49719623876429,96.665282680277
-20.495563840798326,-49.500420042409964,96.7926074573235
-20.500802726830738,-49.50101994707045,89.41990772347299
-20.498614740523358,-49.50197084271167,104.5408933192738
-20.501024056020373,-49.50434305141046,91.16732319319247
-20.502257847976512,-49.50271764636506,92.00850342165252
-20.495160223520404,-49.50253396365022,91.7571477136912
-20.50090665993685,-49.500159229302895,90.14955040993627
-20.496059007963208,-49.49752555593403,105.73811979908764
-20.502700453941088,-49.50026190171602,101.75660767407375
-20.502868952959748,-49.50442155550553,104.66706733136634
-20.504688659171155,-49.495422101990115,88.88678931271158
-20.498483331746243,-49.495572756809054,95.38008610466419
-20.50131473656276,-49.49714810456852,88.57454812423427
-20.496356417501605,-49.495086720984354,91.53382853668485
-20.500267900933085,-49.499555176672,90.94371919528159
-20.495318065720852,-49.495372316497466,101.20969590819203
-20.503144744842967,-49.504243949593835,93.07361319538587
-20.496313768320444,-49.50134319251739,102.79760861334539
-20.497234031472082,-49.502746187319936,103.16909236281701
-20.49729078155356,-49.50304166915866,110.7722184299616
-20.496552167718832,-49.503591970511074,89.34675912359737
-20.49738976009057,-49.49877586358434,101.85981222702534
-20.498737796783686,-49.49718678144252,100.84736964783633
-20.503687551223177,-49.499217016005794,90.1597849842012
-20.504674738205086,-49.50353037290412,100.0515914176435
-20.495791521521845,-49.496888762300664,96.73799900134328
-20.498833496854793,-49.49864045292836,94.33340668439776
-20.49703462709024,-49.50111834293873,94.9382077765919
-20.500184776484875,-49.49825869704464,91.60147188287104
-20.503826918110374,-49.50240095020757,105.29266273828354
-20.503748142077974,-49.50154807791506,95.05040366134415
-20.49814434712771,-49.49582514156868,98.94181389936216
-20.500696941051004,-49.50209495494329,92.05498583326904
-20.502994752732995,-49.50030011731842,91.17742076626412
-20.500084054532586,-49.49609858862604,100.43863320586341
-20.50435791062925,-49.49792278649733,88.25998753361476
-20.499180285980856,-49.50437796773836,93.97865594011381
-20.502310065955648,-49.503526969557214,95.32510922064151
-20.497024408993628,-49.50492158409228,96.24613644163485
-20.501896380410763,-49.49869078209771,94.1948925082064
-20.50044779850918,-49.5005232657459,97.83920326031752
-20.504883794600918,-49.50365725149098,98.47689939402058
-20.504275531122055,-49.49542065878943,98.67487565210827
-20.501075064435934,-49.499703402760545,90.39402469956902
-20.50020061165283,-49.50258106705887,95.11958464706564
-20.498999794518806,-49.49999396428845,102.56849537735302
-20.502083374212905,-49.49820379667265,99.53008522785517
-20.498050181138733,-49.504237607820265,89.7355045710231
-20.49639877602811,-49.50225296184952,99.7226688644671
-20.497201490111067,-49.49693034509116,85.19743107888638
-20.504603811746517,-49.50040335129597,95.25148021829474
-20.50019493052742,-49.49953422857968,105.04143355206975
-20.503950698215817,-49.500671839977905,90.29427661038778
-20.502579549841375,-49.504561000573574,90.90733410395731
-20.49513337406733,-49.503342502201804,99.45309787890515
-20.503575044570983,-49.50054458361258,87.33316992010133
-20.500011118465487,-49.50290814534592,93.48724833775236
-20.49881844265682,-49.504500209713406,99.06256148231911
-20.49797535029456,-49.49656350335948,91.89388780193421
-20.49940351316513,-49.49518807470836,93.83445771837546
-20.504902291525806,-49.49706857126003,98.72403302790119
-20.50173538691756,-49.49646215078295,97.12656921728625
-20.499822883566154,-49.50258022869683,98.548643664346
-20.504121335008552,-49.495393730244864,93.3062281146581
-20.50149373068791,-49.50303074295547,97.24306550709062
-20.504667968912084,-49.49548570189638,94.38267825157803
-20.504214215028448,-49.495051807060335,97.29036999215529
-20.501030767237985,-49.497882771942535,92.6056598117226
-20.50367284245957,-49.49518856268208,94.08927519738502
-20.499324591517386,-49.499304602204326,90.79456892382815
-20.498105350308627,-49.50240458216824,104.69966994861068
-20.49699413300891,-49.500630041143346,93.68641300077107
-20.502998497557552,-49.49906439064621,89.47532705853487
-20.50332517417741,-49.50426918437973,96.33924454433797
-20.503954321596655,-49.49877656735383,96.08089960359875
-20.498635697504564,-49.495188221632375,98.9303981419565
-20.49793524273513,-49.503098923502165,97.83329661150334
-20.50468413855174,-49.49707404883711,97.0439801724404
-20.495637877537565,-49.495921012062205,97.77605341252676
-20.504480287163485,-49.495562984071796,97.22548809249874
-20.49958703664699,-49.495398643955944,90.88861545630773
-20.49790939480549,-49.49978540361278,97.3817492845213
-20.49629030876254,-49.49522692092008,96.83457905777996
-20.497859130678677,-49.497426897928655,95.19044489904694
-20.496982719169303,-49.50338328563763,87.26147753421411
-20.50160549807457,-49.50023099893532,96.07279752099458
-20.496851748862536,-49.49781668824628,106.25858706651819
-20.504198851536152,-49.50252659684181,93.22960718390374
-20.496051833439395,-49.49859384816451,91.65606372199716
-20.499524076238462,-49.498333995209535,97.14979083692498
-20.496827022300376,-49.503373002561915,99.02696737068842
-20.500476817154816,-49.499349146875474,101.36225543949928
-20.498564223048035,-49.49728373089021,88.84044773662157
-20.49973597339064,-49.50001104335464,99.72733000692673
-20.497684104782447,-49.504878968832244,98.78056129538477
-20.504183700179695,-49.50490961530921,94.30541492972584
-20.504396479160093,-49.5014297065603,96.71782123635454
-20.5025289676599,-49.49573805931568,100.15389164016987
-20.503404553198866,-49.502713232203966,99.42593052326828
-20.49628216433408,-49.49865636311128,89.63447242665642
-20.50280786012642,-49.50277924129307,99.21582247238474
-20.49524134744181,-49.501783300103405,95.61916904429842
-20.501631042082288,-49.49651957910398,95.38531031989751
-20.50317882084311,-49.4977113855773,95.38401048161946
-20.497103014928577,-49.50404600722687,95.8552828312601
-20.49841292224499,-49.50071297979014,104.8407763319571
-20.500018042835467,-49.50470830236355,95.09340855962232
-20.499446364490623,-49.50019109853397,90.88220508237323
-20.497807982217278,-49.49837565988299,93.43032300623668
-20.502715452586685,-49.50381497376402,95.98935582310057
-20.495036660839432,-49.50211115061091,101.91915389512067
-20.495252068378534,-49.501021633744976,98.82698732653812
-20.49849674313653,-49.495804689753435,90.77730606732051
-20.503004575490706,-49.49506744984577,107.42885216107342
-20.49819771757569,-49.50455088701005,97.48514417613522
-20.504278015910206,-49.497389920765045,101.3831685744589
-20.50469347497794,-49.50128275933598,94.25931372238759
-20.502423171114888,-49.5010754181377,97.83033238716583
-20.500373770432606,-49.49745735026653,99.28649378545008
-20.496317274945916,-49.49581573567854,101.11567090136832
-20.49772830930234,-49.495490714054974,100.30905839803073
-20.497572934788,-49.49922877413962,100.26954946928086
-20.50074506665552,-49.501428788407,94.33319624413197
-20.50154065007453,-49.49712450914141,92.17751504546492
-20.501289612370154,-49.502489986167376,97.20213788164453
-20.495123504362642,-49.49935925971167,99.96780453031033
-20.504598908085875,-49.50141421538475,93.90630104682077
-20.496329685038777,-49.49843368926292,100.61814183136859
-20.499213245914277,-49.502596010871066,106.14493656872986
-20.500613845808104,-49.503084070542656,91.30382302340436
-20.49774742339585,-49.49581760913324,90.84621936367157
-20.500133310585753,-49.50398196317051,95.11370530426537
-20.496265767619185,-49.49994042092265,97.55375927921146
-20.495992981359887,-49.50279147217037,94.11147402979465
-20.500782790731265,-49.50461070036675,102.09134285421456
-20.50223172202765,-49.504639811817086,97.22266535289859
-20.499076496714068,-49.50324778227894,98.08383714298819
-20.495876366543833,-49.49633229645494,87.85573221621485
-20.502893378109942,-49.50217521256023,88.53300973192229
-20.498770334164366,-49.495495408294246,96.42649695706608
-20.498684397799074,-49.49918377707011,85.16386445293253
-20.497668869775847,-49.50063385810231,103.74111950945684
-20.503684323148725,-49.499199111653304,94.23577705262169
-20.497841750353178,-49.49983301614774,112.92341811839648
-20.495909674793346,-49.49741223746243,106.63653902056711
-20.5032031689113,-49.50217503934027,94.1749988775706
-20.50262456675076,-49.501469496084,94.61103860101903
-20.495286049059583,-49.496059056974666,99.99976011990171
-20.503190230472903,-49.49553543486849,103.51962713245655
-20.496456149066304,-49.49607441772513,86.8427196926723
-20.500077221435518,-49.500805520060425,87.4341135556551
-20.502527689255967,-49.49719634496993,91.91020820925218
-20.496292500987277,-49.50023664266699,99.20217191607553
-20.500546947449973,-49.500024601478536,98.08176770660681
-20.499851826460702,-49.50295319890943,102.2176633409973
-20.501407666306,-49.49908869696741,89.17118239134166
-20.49907049148565,-49.50313864102247,86.56239619788293
-20.50336476127415,-49.50168435300933,99.35960153538005
-20.501089184633482,-49.4964496979838,90.88516541301526
-20.495305876776648,-49.50292924190789,85.77533350687393
-20.502418665672987,-49.50428841714827,95.82883374922262
-20.498432633354586,-49.50430992407387,100.3962877895789
-20.50174809935775,-49.49559215479497,94.39866994899309
-20.497265268743135,-49.49993079562038,94.37983905443365
-20.503691263392817,-49.50090587928183,94.24880792978485
-20.495301789549217,-49.49689121418992,93.19353077723143
-20.500462104586163,-49.4966417407209,88.30098554022013
-20.502639495366534,-49.50167808966884,91.56992747803629
-20.5042650325267,-49.49806381942526,97.61557814168914
-20.503302420949122,-49.49728877184148,96.62085561475917
-20.49980226051444,-49.498453493131336,96.12109639684036
-20.501629968235687,-49.503484049252,90.32139347023013
-20.496711166341175,-49.496241169164826,94.1335228836126
-20.50069112476338,-49.49960905447264,84.52460045797422
-20.502512857274123,-49.5021752757363,96.05633072923989
-20.49882855013396,-49.500747718145625,105.48599846914851
-20.497932227831146,-49.504624289096014,88.715757446155
-20.50332958092099,-49.50372133198778,92.1257928727778
-20.503323807837116,-49.49734453249484,96.6582590981688
-20.504633285730662,-49.50499988365245,101.27454997475422
-20.497635979849345,-49.500834341715176,97.18212628200403
-20.498361954723784,-49.499774898189145,93.11287597624386
-20.500253691242502,-49.50445365579999,85.69142312434965
-20.496558295510308,-49.495269218370275,95.53255963742436
-20.4969432984705,-49.502738746687506,109.34222065483729
-20.499146456356033,-49.50195801280364,101.14954236713169
-20.496317287194866,-49.50196057487745,97.67535388225149
-20.50294158789963,-49.50269583337883,96.71246200488024
-20.503880803806023,-49.50498526177914,94.9650452710807
-20.50230250388483,-49.49770655205912,90.96931058940419
-20.504429131439107,-49.495331545002,99.11782272071503
-20.49968830471999,-49.50275706516715,98.48671473606579
-20.495633943077053,-49.498369528081966,95.28490461247254
-20.504606564593313,-49.49758103673041,90.12846931024157
-20.5037789008599,-49.49651574620909,101.52274053898623
-20.500478009717167,-49.50077370802986,99.26830911752214
-20.49566124982472,-49.501970690943594,93.6818517506356
-20.501838438950234,-49.50174704865977,100.3293547115156
-20.499927651913115,-49.49787378666901,92.6699767005506
-20.504584271409495,-49.49683220533494,91.09345789045875
-20.503516567990378,-49.50318386032244,91.254662081515
-20.495133698770413,-49.501290589918426,86.9275685596017
-20.49534881303564,-49.4959805980325,97.37858415284317
-20.504950600190654,-49.49693306480305,85.8470332365821
-20.495481882145768,-49.49515141597237,88.86794589428237
-20.498608800621845,-49.49745751740318,84.77540760712125
-20.4963208170548,-49.50106804798972,96.76773127770427
-20.500452601443662,-49.49909362166005,94.5829769784572
-20.49984403971421,-49.498389857457525,93.62685317720346
-20.50011153419743,-49.504215441836834,90.49006402146125
-20.49833135742454,-49.49955503040896,90.41100742697444
-20.503603487452438,-49.49790679171527,97.33638401256086
-20.504700264101274,-49.50332678695999,92.2634472768727
-20.501920700584087,-49.497193682825745,96.61215321188575
-20.497953192372634,-49.49916227219486,91.45179613941879
-20.50298146547877,-49.49547778214302,95.9094049103124
-20.49826567566675,-49.50457577701793,102.64231867761936
-20.495300879538927,-49.502346738624446,98.91766564386576
-20.504060992842106,-49.498984461207,92.95515115022587
-20.49827397881775,-49.50203440087794,107.66670848068604
-20.500562497806953,-49.497855758359286,93.91148865769372
-20.496318577456226,-49.49740994717478,95.15241086986705
-20.503228502105525,-49.50397484035934,93.42802466686028
-20.49807374047774,-49.49986145535793,95.94347206180097
-20.49661884710352,-49.49991109444409,97.28655868639203
-20.49555385780526,-49.501307192297844,91.21341397140236
-20.498167519717104,-49.4956707513743,89.94729723590163
-20.500028252359915,-49.496724936801265,88.10996788144655
-20.49882152759799,-49.4980279061809,87.25837512310585
-20.496310950155213,-49.49785673364265,89.08455597545355
-20.499293902533612,-49.50038283856187,97.68804587523569
-20.50469612940303,-49.49579005478903,90.53768393536998
-20.49569051304493,-49.498054045727464,97.72311261789484
-20.498104732489686,-49.49771018938344,95.37891889391787
-20.498234866142226,-49.49638309096213,85.21174983572742
-20.502843248476022,-49.50225928410658,98.39228198951882
-20.498411145297673,-49.49692929096133,99.14660862682491
-20.50106135594346,-49.503047593970436,90.62071313629998
-20.498487670229586,-49.50154658047755,104.80818641916294
-20.503934069696918,-49.5016438954573,90.75680236511185
-20.49842154695397,-49.495214745316105,95.50508632089436
-20.495005862742293,-49.49643462776252,88.70451603509737
-20.504517879611395,-49.4979883013841,86.04158325624401
-20.495228258157788,-49.49772943238384,93.17817372490993
-20.500930920392772,-49.499379272055975,94.6755007258788
-20.496292465496627,-49.49552909332891,93.03020594465318
-20.49717614515942,-49.50003741247118,90.86509321613244
-20.499329837390132,-49.501194822901304,96.16961640199912
-20.497615507907486,-49.50336964663069,99.96280080558417
-20.496214844386987,-49.49713794347739,94.86000406489502
-20.50095859678349,-49.49765556067924,95.99073283710673
-20.501729668384367,-49.50115644961476,91.97706963112073
-20.498324066144363,-49.50474806586041,101.80124217109359
-20.496921540580587,-49.49661002672282,89.18063094060727
-20.497377148652234,-49.50488582016546,98.22111644124692
-20.497021863511414,-49.49796300220371,101.14502349125542
-20.50064416685187,-49.49529742890274,97.41568026336047
-20.49682165783825,-49.500623386718516,96.43714398573208
-20.503797909446295,-49.502650265950045,92.40239853996523
-20.499555109020392,-49.49795128989957,100.37655451690824
-20.504942413395018,-49.49682871857984,87.88773461436968
-20.501754141700996,-49.499535696839224,90.31757088890167
-20.501335384651284,-49.49532964724744,93.02086525560483
-20.501038273083907,-49.50448331278342,101.48469071063734
-20.498045327933102,-49.49995204401696,98.83284254153892
-20.501114418987296,-49.49781546052677,90.24118032012444
-20.500513063773774,-49.4963735952885,93.48007766925599
-20.502624558691256,-49.503207443880925,92.05437613082763
-20.501267482083705,-49.49699996518236,91.48925370492752
-20.50272730372737,-49.49947292924281,99.96493582120439
-20.504268040762316,-49.5010344631801,88.16769677662813
-20.498965514066185,-49.50368284971421,105.19912991244648
-20.49831787201445,-49.49634704241091,99.19328768915025
-20.498805096539904,-49.503427267918205,103.36785054451114
-20.500365059561993,-49.50190212140791,94.09160806294543
-20.501202142198206,-49.50209954468038,94.85947798671953
-20.496366663504283,-49.49628585965809,87.87360331045048
